date,m1_billions,m2_billions,fed_funds_rate,real_rate_10y,yield_curve_slope,bbb_spread,pce_index,cpi_median,gdp_billions,unemployment_rate,home_price_index,sp500_index,gold_price_usd,bitcoin_price_usd,vix_index,epu_index,consumer_sentiment
2001-02-28,1101.2,5017.0,5.59,2.26701398,0.51,2.42,7001.8,2.83678895437489,10470.231,4.2,110.502,1239.93994140625,266.79998779296875,,23.411578947368422,122.26107142857143,90.6
2001-03-31,1108.9,5074.8,5.29,2.26729473,0.75,2.38,6996.7,2.99214660516078,10470.231,4.3,111.109,1160.3299560546875,257.8999938964844,,28.49681818181818,124.46225806451612,91.5
2001-04-30,1116.7,5139.1,4.67,2.22098391,1.05,2.19,7004.2,3.14463308812682,10599.0,4.4,111.652,1249.4599609375,264.0,,28.133999999999997,105.17433333333334,88.4
2001-05-31,1118.5,5137.2,4.24,2.43341797,1.21,2.06,7052.8,3.50111619196587,10599.0,4.3,112.163,1255.8199462890625,265.29998779296875,,22.944090909090907,96.31193548387097,92.0
2001-06-30,1126.2,5180.1,3.95,2.52645602,1.17,2.08,7069.7,3.52180031475502,10599.0,4.5,112.795,1224.3800048828125,270.6000061035156,,20.94047619047619,70.57433333333333,92.6
2001-07-31,1138.9,5210.0,3.82,2.52836744,1.28,2.05,7082.3,2.43504110768855,10598.02,4.6,113.492,1211.22998046875,266.20001220703125,,22.316190476190474,91.89645161290322,92.4
2001-08-31,1150.2,5243.8,3.66,2.33436142,1.21,2.09,7121.7,3.80544284558475,10598.02,4.9,114.168,1133.5799560546875,274.3999938964844,,21.86173913043478,80.83741935483872,91.5
2001-09-30,1205.7,5355.1,2.75,2.17776797,1.74,2.46,7007.0,2.78250757475318,10598.02,5.0,114.813,1040.93994140625,292.3999938964844,,35.065333333333335,234.57433333333333,81.8
2001-10-31,1165.7,5343.8,2.66,1.98693245,1.86,2.57,7212.9,4.18407658200821,10660.465,5.3,115.31,1059.780029296875,279.5,,32.72130434782609,236.40612903225806,82.7
2001-11-30,1171.0,5387.5,2.06,1.81476553,1.94,2.34,7182.3,3.44317141159673,10660.465,5.5,115.856,1139.449951171875,273.8999938964844,,26.63095238095238,154.38666666666668,83.9
2001-12-31,1183.2,5440.5,1.52,2.0405763,2.0,2.22,7166.7,2.47528603199942,10660.465,5.7,116.454,1148.0799560546875,278.70001220703125,,23.72,127.57193548387097,88.8
2002-01-31,1190.7,5460.9,1.85,2.52349996,1.91,2.3,7184.6,2.76158967150149,10783.5,5.7,117.144,1130.199951171875,282.1000061035156,,22.252857142857142,141.64290322580646,93.0
2002-02-28,1190.6,5490.2,1.83,2.40007343,1.82,2.49,7225.2,3.38352407504046,10783.5,5.7,117.845,1106.72998046875,296.70001220703125,,22.87578947368421,86.75392857142857,90.7
2002-03-31,1193.3,5502.0,1.74,2.42129018,1.7,2.39,7243.4,2.8726214230371,10783.5,5.7,118.688,1147.3900146484375,302.6000061035156,,18.985,94.4274193548387,95.7
2002-04-30,1186.9,5502.1,1.82,2.70112632,1.87,2.71,7312.5,2.67648214481753,10887.46,5.9,119.612,1076.9200439453125,308.8999938964844,,19.900454545454547,74.52199999999999,93.0
2002-05-31,1189.3,5528.3,1.79,2.35054993,1.86,2.26,7288.9,2.42019843819257,10887.46,5.8,120.725,1067.1400146484375,326.5,,20.087727272727275,89.6558064516129,96.9
2002-06-30,1193.3,5553.3,1.73,2.31986391,1.96,2.65,7322.5,2.5025331988713,10887.46,5.8,121.814,989.8200073242188,313.5,,25.271,87.07466666666666,92.4
2002-07-31,1199.1,5596.0,1.76,2.14192855,2.28,3.29,7387.3,2.24505523113134,10984.04,5.8,122.889,911.6199951171876,303.20001220703125,,34.04954545454546,126.56032258064516,88.1
2002-08-31,1187.1,5638.3,1.81,1.74226259,2.0,3.18,7412.6,2.28572177593909,10984.04,5.7,123.832,916.0700073242188,312.3999938964844,,33.74272727272727,114.96,87.6
2002-09-30,1196.1,5662.3,1.85,1.44610825,1.91,3.47,7391.5,2.71779789775748,10984.04,5.7,124.781,815.280029296875,323.8999938964844,,37.6475,138.87133333333335,86.1
2002-10-31,1204.0,5707.1,1.82,1.26869564,2.25,3.53,7435.2,2.31390307533894,11061.433,5.7,125.736,885.760009765625,318.0,,35.24304347826087,113.34322580645161,80.6
2002-11-30,1209.6,5758.1,1.23,1.39558681,2.14,2.83,7463.8,1.91097600745183,11061.433,5.9,126.671,936.3099975585938,316.79998779296875,,28.175,136.54799999999997,84.2
2002-12-31,1220.2,5779.4,1.16,1.69225366,2.22,2.7,7519.9,3.01261428455382,11061.433,6.0,127.625,879.8200073242188,347.6000061035156,,28.21047619047619,153.67129032258066,86.7
2003-01-31,1227.3,5812.1,1.33,1.48820174,2.28,2.51,7541.3,2.18139042769816,11174.129,5.8,128.462,855.7000122070312,368.2999877929688,,27.424285714285713,184.77193548387098,82.4
2003-02-28,1238.2,5848.2,1.33,1.466379,2.18,2.44,7548.6,1.97583023449681,11174.129,5.9,129.356,841.1500244140625,350.20001220703125,,32.21842105263158,192.12321428571428,79.9
2003-03-31,1239.3,5868.4,1.38,1.22359095,2.32,2.35,7611.5,1.12621180925949,11174.129,5.9,130.148,848.1799926757812,335.8999938964844,,30.634285714285717,212.56935483870967,77.6
2003-04-30,1250.0,5905.5,1.31,1.30961847,2.38,1.97,7634.5,0.553036890472014,11312.766,6.0,130.884,916.9199829101562,339.1000061035156,,23.99190476190476,135.47866666666667,86.0
2003-05-31,1268.8,5965.3,1.28,1.37072098,2.04,1.92,7650.3,1.07578818642804,11312.766,6.1,131.735,963.5900268554688,364.5,,20.23952380952381,116.63935483870968,92.1
2003-06-30,1281.0,6002.2,1.45,0.90511574,2.22,1.79,7699.6,1.12305963544221,11312.766,6.3,132.649,974.5,346.0,,20.362380952380953,89.30199999999999,89.7
2003-07-31,1287.5,6049.1,1.04,1.12868896,2.69,1.72,7757.0,2.67107312265711,11566.669,6.2,133.777,990.3099975585938,354.0,,19.161363636363635,82.49387096774193,90.9
2003-08-31,1296.4,6107.1,1.01,1.75170446,2.5,1.67,7852.1,2.35741426924818,11566.669,6.1,134.968,1008.010009765625,375.7000122070313,,19.274285714285714,89.77354838709678,89.3
2003-09-30,1297.2,6079.7,1.17,1.89723825,2.46,1.59,7853.7,2.02226514469577,11566.669,6.1,136.295,995.969970703125,385.3999938964844,,19.532380952380954,96.15799999999999,87.7
2003-10-31,1297.8,6070.0,1.03,1.38081936,2.48,1.49,7867.4,2.09586749439761,11772.234,6.0,137.533,1050.7099609375,384.5,,18.023478260869567,65.80032258064516,89.6
2003-11-30,1299.1,6075.5,1.01,1.71390165,2.28,1.42,7922.6,1.18636241164811,11772.234,5.8,138.795,1058.199951171875,396.7999877929688,,17.40105263157895,61.467,93.7
2003-12-31,1306.2,6073.8,0.94,1.71357266,2.43,1.3,7950.4,1.79882233944806,11772.234,5.7,140.181,1111.9200439453125,415.7000122070313,,16.826363636363638,73.56870967741936,92.6
2004-01-31,1306.0,6082.1,1.03,1.70195436,2.32,1.28,8007.1,2.22007470598395,11923.447,5.7,141.647,1131.1300048828125,402.2000122070313,,16.101,93.05129032258066,103.8
2004-02-29,1321.4,6121.8,1.04,1.57158074,2.33,1.31,8040.4,2.91265455346974,11923.447,5.6,143.192,1144.93994140625,396.3999938964844,,15.99842105263158,83.24655172413793,94.4
2004-03-31,1328.7,6157.9,1.05,1.47016466,2.26,1.33,8098.8,2.73440226821979,11923.447,5.8,145.058,1126.2099609375,427.2999877929688,,17.687391304347827,63.193225806451615,95.8
2004-04-30,1332.8,6198.9,1.03,1.35814941,2.22,1.25,8107.2,2.53838192695393,12112.815,5.6,146.593,1107.300048828125,387.0,,15.69857142857143,59.875,94.2
2004-05-31,1333.3,6275.7,1.02,1.88324516,2.12,1.33,8176.5,3.21749489052707,12112.815,5.6,148.186,1120.6800537109375,394.0,,17.705000000000002,76.70161290322581,90.2
2004-06-30,1342.7,6277.9,1.38,1.94657611,1.92,1.33,8157.6,2.72493144884725,12112.815,5.6,149.851,1140.8399658203125,392.6000061035156,,15.342727272727274,79.36333333333333,95.6
2004-07-31,1340.8,6291.1,1.29,1.93379862,1.82,1.29,8236.9,1.77113695955513,12305.307,5.5,151.338,1101.719970703125,391.0,,15.502380952380953,60.95,96.7
2004-08-31,1354.3,6317.8,1.55,1.85580269,1.72,1.27,8271.6,2.87323745174035,12305.307,5.4,152.633,1104.239990234375,410.3999938964844,,16.68409090909091,70.37935483870967,95.9
2004-09-30,1362.5,6352.2,1.94,1.48469164,1.51,1.23,8341.5,2.1466349952753,12305.307,5.4,154.178,1114.5799560546875,418.7000122070313,,14.08095238095238,75.086,94.2
2004-10-31,1362.3,6379.8,1.79,1.6871063,1.49,1.22,8397.1,2.66050109372762,12527.214,5.5,155.75,1130.199951171875,428.5,,14.973809523809523,102.47483870967741,91.7
2004-11-30,1374.2,6406.3,2.02,1.60768876,1.34,1.15,8444.5,1.4800663055379,12527.214,5.4,157.526,1173.8199462890625,451.2999877929688,,13.577619047619047,72.18733333333333,92.8
2004-12-31,1376.0,6424.5,1.97,1.90953662,1.16,1.13,8504.4,1.91524972608856,12527.214,5.4,159.329,1211.9200439453125,437.5,,12.459545454545456,40.12580645161291,97.1
2005-01-31,1367.1,6430.8,2.5,1.7792759,0.85,1.17,8497.7,3.42175913634541,12767.286,5.3,161.288,1181.27001953125,421.7999877929688,,13.437999999999999,66.99064516129032,95.5
2005-02-28,1371.1,6438.9,2.52,1.81315912,0.77,1.12,8559.1,3.30400229074104,12767.286,5.4,163.346,1203.5999755859375,436.5,,11.708947368421052,63.730357142857144,94.1
2005-03-31,1370.9,6448.3,2.96,1.97934111,0.7,1.33,8598.4,1.89717939501217,12767.286,5.2,165.815,1180.5899658203125,428.7000122070313,,13.126363636363635,55.76258064516129,92.6
2005-04-30,1358.4,6461.8,2.97,2.02052684,0.55,1.54,8678.4,2.09647901335652,12922.656,5.2,167.503,1156.8499755859375,435.0,,14.459047619047618,66.458,87.7
2005-05-31,1366.0,6479.0,3.09,1.78986568,0.4,1.36,8671.6,3.16846235161856,12922.656,5.1,169.353,1191.5,416.2999877929688,,13.967619047619047,73.0741935483871,86.9
2005-06-30,1380.1,6511.7,3.35,1.66688811,0.28,1.34,8753.4,1.62477538920178,12922.656,5.0,171.192,1191.3299560546875,435.8999938964844,,11.868636363636364,59.68933333333334,96.0
2005-07-31,1369.0,6543.5,3.31,1.82002108,0.26,1.22,8853.8,3.02864557347464,13142.642,5.0,172.861,1234.1800537109375,429.8999938964844,,11.049,50.884838709677425,96.5
2005-08-31,1377.8,6576.3,3.63,2.00821677,0.18,1.21,8850.1,2.22215620270876,13142.642,4.9,174.443,1220.3299560546875,433.7999877929688,,12.951304347826087,56.08838709677419,89.1
2005-09-30,1378.6,6610.1,3.93,1.73569017,0.16,1.24,8900.4,4.02470724061161,13142.642,5.0,176.439,1228.81005859375,469.0,,12.628095238095238,85.24833333333332,76.9
2005-10-31,1376.5,6643.9,4.02,1.96704484,0.17,1.29,8938.5,3.33157515598619,13324.204,5.0,178.029,1207.010009765625,465.1000061035156,,14.937619047619048,62.99677419354839,74.2
2005-11-30,1376.1,6660.7,4.03,2.07568901,0.07,1.36,8946.2,2.83691194814226,13324.204,5.0,179.683,1249.47998046875,494.6000061035156,,12.147619047619047,48.773,81.6
2005-12-31,1374.3,6687.8,4.09,2.01834727,-0.02,1.21,8981.1,2.20489319920401,13324.204,4.9,180.912,1248.2900390625,517.0999755859375,,11.26,60.027419354838706,91.5
2006-01-31,1379.5,6730.1,4.47,2.06484172,-0.01,1.16,9071.6,2.88432186623886,13599.16,4.7,182.321,1280.0799560546875,570.7999877929688,,12.036,63.64354838709678,91.2
2006-02-28,1378.4,6754.7,4.52,2.20441278,-0.14,1.17,9096.0,2.07202087371556,13599.16,4.8,183.287,1280.6600341796875,561.5999755859375,,12.471052631578948,59.09428571428571,86.7
2006-03-31,1383.2,6769.3,5.0,2.38362088,0.04,1.16,9132.9,3.08218251360963,13599.16,4.7,184.364,1294.8699951171875,581.7999877929688,,11.69391304347826,51.51064516129032,88.9
2006-04-30,1381.4,6806.9,4.86,2.35839303,0.2,1.13,9191.6,2.8870316165126,13753.424,4.7,184.33,1310.6099853515625,651.7999877929688,,11.84736842105263,69.78299999999999,87.4
2006-05-31,1387.2,6813.7,5.05,2.40637015,0.08,1.19,9231.8,4.28816068458393,13753.424,4.6,184.156,1270.0899658203125,642.5,,14.454545454545455,67.5151612903226,79.1
2006-06-30,1375.4,6851.8,5.05,2.45080986,-0.01,1.27,9259.6,3.19983083499134,13753.424,4.6,183.507,1270.199951171875,613.5,,16.918636363636363,67.88633333333334,84.9
2006-07-31,1372.4,6893.6,5.31,2.49634953,0.02,1.27,9343.8,3.05393052415284,13870.188,4.7,183.066,1276.6600341796875,634.2000122070312,,15.325999999999999,74.71290322580644,84.7
2006-08-31,1372.4,6925.1,5.31,2.2982861,-0.05,1.28,9342.2,4.62137039677921,13870.188,4.7,182.592,1303.8199462890625,625.9000244140625,,13.351739130434783,71.14838709677419,82.0
2006-09-30,1364.4,6952.4,5.34,2.20605719,-0.07,1.29,9375.4,2.10626377333667,13870.188,4.5,182.797,1335.8499755859375,598.5999755859375,,12.1845,39.139,85.4
2006-10-31,1370.3,7001.7,5.31,2.21206207,-0.1,1.26,9393.6,3.65069704001577,14039.56,4.4,183.198,1377.93994140625,604.0999755859375,,11.306363636363637,42.938709677419354,93.6
2006-11-30,1370.8,7037.2,5.31,2.1998854,-0.16,1.23,9400.2,3.02469916751935,14039.56,4.5,183.608,1400.6300048828125,646.9000244140625,,10.817619047619049,50.216,92.1
2006-12-31,1366.6,7080.1,5.17,2.12213778,-0.11,1.22,9488.3,2.72554654380133,14039.56,4.4,184.137,1418.300048828125,635.2000122070312,,10.9645,38.20903225806452,91.7
2007-01-31,1371.7,7118.3,5.33,2.14807579,-0.11,1.17,9538.7,2.96441026316892,14215.651,4.6,184.515,1438.239990234375,652.0,,11.0425,56.95483870967742,96.9
2007-02-28,1363.0,7134.3,5.41,2.28715091,-0.09,1.16,9566.0,4.44702564001935,14215.651,4.5,184.597,1406.8199462890625,669.4000244140625,,11.155263157894737,58.37785714285714,91.3
2007-03-31,1366.5,7168.2,5.3,2.0249864,0.07,1.22,9611.7,2.68853112184253,14215.651,4.4,184.148,1420.8599853515625,663.0,,15.162727272727272,54.72451612903226,88.4
2007-04-30,1378.0,7240.7,5.29,2.07748685,0.03,1.2,9643.6,2.36832536836802,14402.082,4.5,183.009,1482.3699951171875,680.5,,12.933000000000002,44.371,87.1
2007-05-31,1380.9,7254.6,5.28,2.0318442,-0.02,1.2,9685.8,2.35349143799752,14402.082,4.4,181.6,1530.6199951171875,661.0,,13.297727272727274,55.788387096774194,88.3
2007-06-30,1368.2,7287.8,5.31,2.24630973,0.16,1.27,9706.8,3.26803173677304,14402.082,4.6,180.253,1503.3499755859375,648.0999755859375,,14.947619047619046,50.80166666666666,85.3
2007-07-31,1371.8,7318.7,5.28,2.37357342,0.22,1.62,9751.1,2.82817098511783,14564.117,4.7,179.11,1455.27001953125,666.9000244140625,,17.273333333333333,38.93387096774194,90.4
2007-08-31,1376.3,7394.8,4.96,2.13388077,0.39,1.74,9798.9,2.18457280462696,14564.117,4.6,178.115,1473.989990234375,673.0,,25.02608695652174,81.75161290322582,83.4
2007-09-30,1375.7,7413.0,4.58,1.94622258,0.62,1.78,9845.1,3.70440600770083,14564.117,4.7,177.557,1526.75,742.7999877929688,,22.198947368421056,79.89133333333332,83.4
2007-10-31,1379.4,7428.1,4.6,1.98911422,0.54,1.83,9882.7,3.43463052089827,14715.058,4.7,176.623,1549.3800048828125,792.0,,19.115652173913045,72.21290322580644,80.9
2007-11-30,1371.8,7453.6,4.66,1.82624712,0.93,2.34,9955.9,3.475359352757,14715.058,4.7,175.146,1481.1400146484375,782.2000122070312,,25.58238095238095,64.19,76.1
2007-12-31,1373.4,7483.9,3.06,1.38696881,0.99,2.45,9972.8,2.98265388398264,14715.058,5.0,174.341,1468.3599853515625,834.9000244140625,,21.651,91.99612903225807,75.5
2008-01-31,1377.7,7517.5,3.22,1.39949068,1.5,2.77,9996.4,3.28360527628442,14706.538,5.0,173.131,1378.550048828125,922.7000122070312,,25.816190476190474,182.06129032258065,78.4
2008-02-29,1380.4,7604.0,3.01,1.11112286,1.88,3.07,9981.7,2.85747436326564,14706.538,4.9,171.539,1330.6300048828125,972.0999755859376,,25.456,118.06724137931033,70.8
2008-03-31,1388.7,7670.0,2.51,1.02522008,1.83,3.48,10035.3,3.04048574612399,14706.538,5.1,170.05,1322.699951171875,916.2000122070312,,27.103500000000004,121.86903225806452,69.5
2008-04-30,1391.4,7712.5,2.37,1.06289422,1.48,3.03,10070.3,2.24101388446512,14865.701,5.0,168.332,1385.5899658203125,862.7999877929688,,21.562727272727273,100.466,62.6
2008-05-31,1393.4,7725.2,1.98,1.40051629,1.4,2.83,10132.3,2.4627692895931,14865.701,5.4,166.653,1400.3800048828125,887.2999877929688,,18.303333333333335,84.7341935483871,59.8
2008-06-30,1404.6,7743.9,2.47,1.48755401,1.36,3.06,10187.1,4.05370089545272,14865.701,5.6,165.013,1280.0,926.2000122070312,,22.11047619047619,98.481,56.4
2008-07-31,1421.1,7791.2,2.09,1.44558109,1.47,3.31,10185.1,3.98912873927892,14898.999,5.8,163.563,1267.3800048828125,913.9000244140624,,24.321818181818184,101.74806451612903,61.2
2008-08-31,1407.4,7805.8,1.94,1.35649733,1.47,3.47,10175.7,2.94013128490127,14898.999,6.1,161.986,1282.8299560546875,829.2999877929688,,20.695714285714285,91.43612903225807,63.0
2008-09-30,1462.0,7872.4,2.03,1.23957472,1.85,4.56,10116.4,3.17438970761372,14898.999,6.1,160.306,1166.3599853515625,874.2000122070312,,30.23857142857143,183.9743333333333,70.3
2008-10-31,1473.8,7974.9,0.22,1.48506331,2.45,6.98,10034.1,2.20171024216991,14608.209,6.5,158.326,968.75,716.7999877929688,,61.17739130434782,243.4674193548387,57.6
2008-11-30,1514.6,8027.0,0.52,1.63162854,1.93,7.68,9885.2,1.93625366578525,14608.209,6.8,156.141,896.239990234375,816.2000122070312,,62.66894736842105,220.64866666666666,55.3
2008-12-31,1601.7,8204.7,0.14,0.97537985,1.49,7.84,9801.5,0.363484150800542,14608.209,7.3,153.617,903.25,883.5999755859375,,52.405,165.27870967741936,60.1
2009-01-31,1582.8,8289.0,0.23,0.93854104,1.93,6.79,9847.2,2.40364062502632,14430.902,7.8,151.506,825.8800048828125,927.2999877929688,,44.683,215.2174193548387,61.2
2009-02-28,1567.2,8319.3,0.22,1.03930649,2.02,6.87,9824.5,2.14357605719473,14430.902,8.3,150.012,735.0900268554688,941.5,,45.57052631578947,238.85999999999999,56.3
2009-03-31,1578.9,8386.4,0.16,1.25074177,1.9,7.31,9773.2,1.90828983085518,14430.902,8.7,148.659,797.8699951171875,922.5999755859376,,44.79545454545455,189.9348387096774,57.3
2009-04-30,1611.6,8391.1,0.2,0.71281967,2.25,6.29,9772.5,1.86117019943739,14381.236,9.0,147.948,872.8099975585938,890.7000122070312,,38.063809523809525,139.217,65.1
2009-05-31,1617.5,8449.2,0.19,1.0174109,2.55,5.1,9791.6,1.29376893720741,14381.236,9.4,147.694,919.1400146484376,978.7999877929688,,31.977999999999998,122.90709677419355,68.7
2009-06-30,1658.8,8459.3,0.22,1.32210554,2.42,4.33,9852.4,0.75584590889346,14381.236,9.5,148.088,919.3200073242188,927.0999755859376,,29.140454545454546,107.17366666666666,70.8
2009-07-31,1662.5,8463.5,0.18,1.26690282,2.39,3.65,9886.3,0.125832513392354,14448.882,9.5,148.407,987.47998046875,953.7000122070312,,26.162727272727274,121.45838709677419,66.0
2009-08-31,1660.0,8463.0,0.15,1.15904037,2.43,3.34,10004.1,1.6255061079099,14448.882,9.6,148.275,1020.6199951171876,951.7000122070312,,25.337142857142858,94.85806451612903,65.7
2009-09-30,1664.9,8461.6,0.07,0.94923764,2.36,3.06,9927.8,0.914369783533586,14448.882,9.8,148.022,1057.0799560546875,1008.0,,24.92666666666667,91.19866666666667,73.5
2009-10-31,1677.7,8487.9,0.11,0.99714116,2.51,2.88,9976.7,1.1903654188135,14651.249,10.0,147.847,1036.18994140625,1039.699951171875,,24.252272727272725,81.96032258064515,70.6
2009-11-30,1683.0,8517.0,0.13,1.06141004,2.54,2.88,9985.7,0.516016421313492,14651.249,9.9,148.133,1095.6300048828125,1181.0999755859375,,23.788999999999998,111.37866666666667,67.4
2009-12-31,1692.8,8512.2,0.05,0.84804056,2.71,2.48,10052.6,0.460810409841406,14651.249,9.9,147.93,1115.0999755859375,1095.199951171875,,21.239545454545453,129.59,72.5
2010-01-31,1674.7,8477.7,0.12,1.29792486,2.81,2.3,10056.1,0.680110845940707,14764.61,9.8,147.396,1073.8699951171875,1083.0,,20.643157894736845,156.72870967741935,74.4
2010-02-28,1699.8,8527.3,0.13,1.12451541,2.8,2.33,10093.4,-0.106627854267949,14764.61,9.8,145.634,1104.489990234375,1118.300048828125,,22.54,151.77142857142857,73.6
2010-03-31,1711.9,8523.5,0.09,0.99873153,2.82,2.05,10156.0,-0.286064246298046,14764.61,9.9,145.858,1169.4300537109375,1113.300048828125,,17.767391304347825,110.02806451612904,73.6
2010-04-30,1699.0,8554.8,0.2,1.3091053,2.72,1.97,10182.3,0.452616254178473,14980.193,9.9,146.398,1186.68994140625,1180.0999755859375,,17.424285714285716,87.81633333333333,72.2
2010-05-31,1710.1,8609.0,0.19,1.22638786,2.55,2.51,10210.8,0.27574788971958,14980.193,9.6,146.386,1089.4100341796875,1212.199951171875,,31.9295,118.88548387096773,73.6
2010-06-30,1731.6,8628.1,0.09,1.01936098,2.36,2.63,10231.3,1.26475267675239,14980.193,9.4,145.713,1030.7099609375,1245.5,,29.916363636363634,127.63266666666667,76.0
2010-07-31,1724.0,8639.5,0.18,0.84675907,2.39,2.41,10268.1,0.632305068442718,15141.607,9.4,144.983,1101.5999755859375,1181.699951171875,,25.565238095238094,176.8041935483871,67.8
2010-08-31,1748.7,8687.9,0.21,0.65616389,2.0,2.49,10307.1,0.43020593403722,15141.607,9.5,143.908,1049.3299560546875,1248.300048828125,,24.74590909090909,161.46967741935484,68.9
2010-09-30,1766.2,8718.7,0.15,0.57706775,2.11,2.37,10327.1,1.53627227687154,15141.607,9.5,143.013,1141.199951171875,1307.800048828125,,22.517619047619046,213.92533333333333,68.2
2010-10-31,1780.4,8768.4,0.2,0.40880525,2.29,2.26,10386.4,1.12609057107202,15309.474,9.4,142.522,1183.260009765625,1357.0999755859375,,20.37333333333333,229.3158064516129,67.7
2010-11-30,1828.4,8789.0,0.2,0.33888956,2.36,2.28,10433.6,1.31829898066591,15309.474,9.8,142.161,1180.550048828125,1385.0,,20.095714285714287,169.89633333333333,71.6
2010-12-31,1837.2,8823.2,0.13,0.62620927,2.69,2.11,10471.0,1.393380280754,15309.474,9.3,142.048,1257.6400146484375,1421.0999755859375,,17.56954545454545,157.47,74.5
2011-01-31,1850.4,8849.0,0.17,0.86397716,2.84,2.04,10514.3,2.27322625990496,15351.448,9.1,141.51,1286.1199951171875,1333.800048828125,,17.3155,139.74677419354836,74.2
2011-02-28,1874.6,8913.3,0.16,0.82968718,2.73,1.94,10540.6,2.81696889792589,15351.448,9.0,140.338,1327.219970703125,1409.300048828125,,17.43,118.35964285714286,77.5
2011-03-31,1901.2,8971.5,0.1,0.87385088,2.67,1.89,10619.7,1.74418998266395,15351.448,9.0,139.97,1325.8299560546875,1438.9000244140625,,20.723478260869566,140.79451612903227,67.5
2011-04-30,1901.9,9035.1,0.09,0.97750283,2.71,1.86,10652.1,2.24921919600376,15557.539,9.1,140.003,1363.6099853515625,1556.0,,16.244,116.03166666666667,69.8
2011-05-31,1947.0,9107.8,0.1,0.71147484,2.6,1.96,10672.2,2.3058155396239,15557.539,9.0,139.9,1345.199951171875,1535.9000244140625,,16.91142857142857,93.21774193548387,74.3
2011-06-30,1969.0,9182.1,0.07,0.49226699,2.73,2.03,10694.8,1.92672807632472,15557.539,9.1,139.857,1320.6400146484375,1502.300048828125,,19.153181818181817,126.05866666666667,71.5
2011-07-31,2001.8,9344.2,0.11,0.57395235,2.46,2.04,10731.6,2.5370313756665,15647.68,9.0,139.726,1292.280029296875,1628.300048828125,,19.2275,200.15064516129033,63.7
2011-08-31,2121.5,9531.0,0.08,0.39497491,2.03,2.66,10750.3,3.17797077169901,15647.68,9.0,139.303,1218.8900146484375,1828.5,,35.02913043478261,253.91870967741934,55.8
2011-09-30,2126.4,9551.5,0.06,0.21493888,1.67,3.1,10783.2,2.49197707942446,15647.68,9.0,138.659,1131.4200439453125,1620.4000244140625,,36.53,221.50666666666666,59.5
2011-10-31,2135.0,9584.4,0.09,0.09856249,1.92,2.73,10802.9,2.02226514469577,15842.259,8.8,137.94,1253.300048828125,1724.199951171875,,32.829047619047614,133.75290322580645,60.8
2011-11-30,2188.9,9636.5,0.1,0.13706953,1.83,3.14,10806.8,1.84701379887522,15842.259,8.6,137.139,1246.9599609375,1745.5,,31.94190476190476,133.72266666666667,63.7
2011-12-31,2172.5,9683.9,0.04,0.14446831,1.64,3.15,10817.8,2.37433305779156,15842.259,8.5,136.661,1257.5999755859375,1565.800048828125,,25.047619047619047,186.00387096774193,69.9
2012-01-31,2209.1,9757.6,0.11,0.14610051,1.61,2.87,10896.8,3.19808928450254,16068.805,8.3,136.595,1312.4100341796875,1737.800048828125,,20.228,156.16677419354838,75.0
2012-02-29,2214.9,9809.8,0.1,0.02185103,1.68,2.55,10987.2,1.68455191336783,16068.805,8.3,136.521,1365.6800537109375,1709.9000244140625,,18.4205,112.6948275862069,75.3
2012-03-31,2235.7,9853.9,0.09,0.16923691,1.9,2.43,10993.9,2.42029632056173,16068.805,8.2,137.893,1408.469970703125,1669.300048828125,,16.167272727272728,90.2490322580645,76.2
2012-04-30,2245.4,9907.7,0.16,0.19464573,1.68,2.55,11018.5,2.28513384278917,16207.115,8.2,139.143,1397.9100341796875,1663.4000244140625,,17.823,94.954,76.4
2012-05-31,2264.9,9951.4,0.16,-0.08722198,1.32,2.85,11006.8,1.73207207221013,16207.115,8.2,140.144,1310.3299560546875,1562.5999755859375,,21.001818181818184,120.23387096774194,79.3
2012-06-30,2284.2,10021.6,0.09,-0.04815105,1.34,2.75,10989.8,1.92206327761144,16207.115,8.2,141.019,1362.1600341796875,1603.5,,21.13095238095238,169.62566666666666,73.2
2012-07-31,2324.1,10074.5,0.13,-0.05482603,1.28,2.55,11016.8,2.08371119432122,16319.541,8.2,141.659,1379.3199462890625,1610.5,,17.565238095238094,171.5925806451613,72.3
2012-08-31,2363.5,10145.6,0.13,-0.06008478,1.35,2.45,11056.0,2.42386601913445,16319.541,8.1,142.269,1406.5799560546875,1684.5999755859375,,15.689565217391305,149.64612903225805,74.3
2012-09-30,2396.4,10226.1,0.09,-0.16925714,1.42,2.25,11105.3,2.28660374272893,16319.541,7.8,142.897,1440.6700439453125,1771.0999755859375,,15.284736842105264,146.60366666666667,78.3
2012-10-31,2429.9,10292.4,0.18,-0.09317224,1.42,2.02,11137.4,1.87504766315374,16420.419,7.8,143.59,1412.1600341796875,1717.5,,16.276190476190475,161.69774193548386,82.6
2012-11-30,2451.5,10361.9,0.16,-0.00573705,1.37,2.13,11178.4,2.07215537879355,16420.419,7.7,144.574,1416.1800537109375,1710.9000244140625,,16.701904761904764,208.19033333333334,82.7
2012-12-31,2470.7,10484.1,0.09,-0.17237745,1.53,2.04,11181.2,1.79065016566902,16420.419,7.9,145.491,1426.18994140625,1674.800048828125,,17.307,211.77129032258065,72.9
2013-01-31,2487.4,10508.1,0.15,0.08440142,1.75,1.95,11252.4,2.74180750368704,16648.189,8.0,146.815,1498.1099853515625,1660.5999755859375,,13.505238095238095,204.00322580645164,73.8
2013-02-28,2480.1,10527.5,0.14,0.17210018,1.64,1.99,11290.5,2.45154222786008,16648.189,7.7,147.772,1514.6800537109375,1577.699951171875,,14.072631578947368,145.20964285714285,77.6
2013-03-31,2487.5,10583.8,0.09,0.05034072,1.62,2.01,11290.1,1.21535791179703,16648.189,7.5,149.952,1569.18994140625,1594.800048828125,,13.0315,137.8290322580645,78.6
2013-04-30,2516.2,10611.3,0.14,-0.02421188,1.48,1.96,11281.1,2.088884185994,16728.687,7.6,151.509,1597.5699462890625,1472.199951171875,,13.967272727272727,89.16766666666668,76.4
2013-05-31,2535.5,10646.1,0.09,-0.01939123,1.86,1.95,11321.6,1.9563823322529,16728.687,7.5,152.841,1630.739990234375,1392.5999755859375,,13.493636363636364,78.37612903225806,84.5
2013-06-30,2533.0,10703.3,0.07,0.22769375,2.16,2.21,11344.4,2.13725043962469,16728.687,7.5,154.19,1606.280029296875,1223.800048828125,,17.2715,81.67,84.1
2013-07-31,2554.6,10742.8,0.09,0.54638104,2.29,2.07,11372.6,2.00320004740069,16953.838,7.3,155.596,1685.72998046875,1312.4000244140625,,13.974545454545455,93.22290322580645,85.1
2013-08-31,2563.9,10801.2,0.07,0.47506869,2.39,2.11,11406.6,2.1480298989162,16953.838,7.2,156.952,1632.969970703125,1396.0999755859375,,14.21,92.87741935483871,82.1
2013-09-30,2598.6,10862.0,0.06,0.54083451,2.31,2.09,11445.9,2.23216017314456,16953.838,7.2,158.215,1681.550048828125,1326.5,,14.692000000000002,116.71700000000001,77.5
2013-10-31,2644.4,10986.3,0.07,0.49296942,2.26,1.94,11498.0,1.16372929089217,17192.019,7.2,159.234,1756.5400390625,1323.5999755859375,,15.407826086956522,176.28096774193548,73.2
2013-11-30,2652.4,10995.6,0.07,0.48963774,2.47,1.91,11562.5,2.60550640737742,17192.019,6.9,160.07,1805.81005859375,1250.5999755859375,,12.924000000000001,83.81566666666666,75.1
2013-12-31,2687.4,11060.1,0.07,0.41829993,2.66,1.74,11593.2,2.84464408227172,17192.019,6.7,160.99,1848.3599853515625,1201.9000244140625,,14.192380952380953,90.93870967741935,82.5
2014-01-31,2728.2,11130.8,0.07,0.68063671,2.33,1.78,11578.8,2.40632650352188,17197.738,6.6,161.92,1782.5899658203125,1240.0999755859375,,14.24095238095238,95.62741935483871,81.2
2014-02-28,2744.7,11196.8,0.06,0.50867731,2.33,1.66,11636.9,2.35083134647025,17197.738,6.7,162.517,1859.449951171875,1321.4000244140625,,15.47,83.49142857142859,81.6
2014-03-31,2763.7,11232.6,0.06,0.58045318,2.29,1.61,11722.3,2.85897667543571,17197.738,6.7,163.073,1872.3399658203125,1283.4000244140625,,14.836666666666666,72.93064516129031,80.0
2014-04-30,2788.8,11277.7,0.09,0.7022221,2.25,1.54,11762.3,2.21493222879676,17518.508,6.2,163.375,1883.949951171875,1295.5999755859375,,14.19809523809524,63.76,84.1
2014-05-31,2800.5,11342.8,0.08,0.62685415,2.11,1.5,11807.3,2.54562660708071,17518.508,6.3,163.64,1923.5699462890625,1245.5999755859375,,12.475238095238096,68.4025806451613,81.9
2014-06-30,2832.5,11398.1,0.09,0.62452944,2.06,1.44,11861.7,1.31136444111866,17518.508,6.1,164.049,1960.22998046875,1321.800048828125,,11.541428571428572,68.896,82.5
2014-07-31,2852.8,11453.0,0.08,0.59099495,2.05,1.47,11904.4,2.40490383837575,17804.228,6.2,164.574,1930.6700439453125,1281.300048828125,,12.296363636363635,72.39387096774193,81.8
2014-08-31,2802.7,11477.3,0.07,0.6494057,1.87,1.5,11983.7,1.75173691535098,17804.228,6.1,165.198,2003.3699951171875,1285.800048828125,,13.491904761904761,53.53774193548387,82.5
2014-09-30,2877.6,11519.1,0.07,0.58085993,1.94,1.59,11991.4,1.93541098458714,17804.228,5.9,165.889,1972.2900390625,1210.5,386.9440002441406,13.466666666666667,57.967666666666666,84.6
2014-10-31,2896.9,11593.1,0.07,0.7009647,1.85,1.67,12064.7,2.4289565511268,17912.079,5.7,166.626,2018.050048828125,1171.0999755859375,338.3210144042969,18.058695652173913,66.28516129032259,86.9
2014-11-30,2905.1,11634.2,0.08,0.71330026,1.71,1.8,12083.9,2.25631054100233,17912.079,5.8,167.32,2067.56005859375,1175.199951171875,378.0469970703125,13.413157894736841,58.178,88.8
2014-12-31,2972.3,11717.6,0.06,0.38472537,1.5,1.98,12096.1,2.3833942455642,17912.079,5.6,168.035,2058.89990234375,1183.9000244140625,320.1929931640625,16.292272727272728,66.2416129032258,93.6
2015-01-31,2973.0,11805.2,0.06,0.7099428,1.21,2.13,12066.7,1.94752959883826,18063.529,5.7,168.61,1994.989990234375,1278.5,217.4640045166016,19.1195,80.64967741935483,98.1
2015-02-28,3043.2,11922.8,0.06,0.53838038,1.37,1.8,12116.6,1.95449451571832,18063.529,5.5,169.104,2104.5,1212.5999755859375,254.26300048828125,15.90421052631579,68.65714285714286,95.4
2015-03-31,3018.9,11920.5,0.06,0.75170542,1.38,1.82,12176.1,2.43333592636743,18063.529,5.4,169.776,2067.889892578125,1183.0999755859375,244.2239990234375,14.812727272727273,62.27483870967742,93.0
2015-04-30,3020.6,11954.6,0.08,0.41032252,1.47,1.79,12209.1,2.96265053867684,18279.784,5.4,170.277,2085.510009765625,1182.4000244140625,236.1450042724609,13.494761904761905,66.03,95.9
2015-05-31,2996.7,11982.6,0.08,0.53392144,1.51,1.83,12275.4,2.5012910991095,18279.784,5.6,170.86,2107.389892578125,1189.4000244140625,230.19000244140625,13.3385,62.85967741935484,90.7
2015-06-30,3033.4,12023.2,0.08,0.5537778,1.71,1.93,12307.9,2.97239956431092,18279.784,5.3,171.457,2063.110107421875,1171.5,263.0719909667969,14.339545454545457,67.026,96.1
2015-07-31,3053.8,12067.0,0.08,0.6670749,1.53,2.07,12364.9,1.92202530060317,18401.626,5.2,172.132,2103.840087890625,1094.9000244140625,284.6499938964844,14.352727272727272,74.31193548387097,93.1
2015-08-31,3033.2,12112.0,0.08,0.54830556,1.47,2.24,12396.2,1.63579063211565,18401.626,5.1,172.909,1972.1800537109373,1131.5999755859375,230.05599975585935,19.42809523809524,76.01096774193549,91.9
2015-09-30,3057.6,12173.9,0.07,0.51245991,1.42,2.4,12386.4,2.99841569275872,18401.626,5.0,173.801,1920.030029296875,1115.5,236.05999755859372,24.377142857142857,87.062,87.2
2015-10-31,3037.6,12225.2,0.07,0.52877171,1.41,2.23,12394.9,2.28316449144805,18435.137,5.0,174.765,2079.360107421875,1141.5,314.1659851074219,16.789545454545454,65.7516129032258,90.0
2015-11-30,3094.7,12317.0,0.08,0.6662057,1.27,2.22,12423.2,2.2654806001265,18435.137,5.1,175.71,2080.409912109375,1065.800048828125,377.3210144042969,16.21,55.510666666666665,91.3
2015-12-31,3126.1,12387.9,0.2,0.64742223,1.21,2.41,12452.0,1.83471969623819,18435.137,5.0,176.515,2043.93994140625,1060.300048828125,430.5669860839844,18.025454545454547,71.08064516129032,92.6
2016-01-31,3127.9,12526.2,0.29,0.73450597,1.18,2.79,12478.0,2.70841659132004,18525.933,4.8,177.244,1940.239990234375,1116.4000244140625,368.7669982910156,23.717894736842105,80.38064516129033,92.0
2016-02-29,3164.0,12599.1,0.29,0.538738,0.96,2.82,12554.5,2.53771440127248,18525.933,4.9,177.625,1932.22998046875,1233.9000244140625,437.6969909667969,22.517,78.93103448275862,91.7
2016-03-31,3178.8,12649.6,0.25,0.55140742,1.05,2.31,12537.0,2.22200455864592,18525.933,5.0,178.143,2059.739990234375,1234.199951171875,416.72900390625,15.84909090909091,63.63,91.0
2016-04-30,3221.2,12728.7,0.3,0.34527268,1.06,2.07,12611.5,3.82547788330951,18711.702,5.1,178.743,2065.300048828125,1289.199951171875,448.3179931640625,14.300476190476191,52.43566666666666,89.0
2016-05-31,3258.6,12796.3,0.29,0.41364983,0.97,2.07,12652.7,3.2805191880404,18711.702,4.8,179.403,2096.949951171875,1214.800048828125,531.385986328125,14.852857142857141,55.18161290322581,94.7
2016-06-30,3264.3,12856.9,0.3,0.51909852,0.91,2.13,12731.2,2.10339046055212,18711.702,4.9,180.068,2098.860107421875,1318.4000244140625,673.3369750976562,17.774545454545457,133.648,93.5
2016-07-31,3264.1,12911.3,0.3,0.16534694,0.79,1.97,12756.7,2.49016471097936,18892.639,4.8,180.838,2173.60009765625,1349.0,624.6810302734375,13.1585,94.67,90.0
2016-08-31,3333.0,12995.8,0.3,0.22683746,0.78,1.83,12788.1,2.74257089079208,18892.639,4.9,181.823,2170.949951171875,1306.9000244140625,575.4719848632812,12.399565217391304,71.41258064516128,89.8
2016-09-30,3342.5,13056.7,0.29,0.2160743,0.83,1.85,12846.6,2.49832933493122,18892.639,5.0,182.796,2168.27001953125,1313.300048828125,609.7349853515625,14.21952380952381,50.28933333333334,91.2
2016-10-31,3354.9,13130.0,0.31,0.28979681,0.98,1.78,12867.0,2.01802556175075,19089.379,4.9,183.722,2126.14990234375,1271.5,700.9719848632812,14.585238095238097,69.44645161290323,87.2
2016-11-30,3370.6,13204.0,0.31,0.34660933,1.26,1.75,12893.0,2.45883151623452,19089.379,4.7,184.73,2198.81005859375,1170.800048828125,745.6909790039062,15.236190476190476,125.67233333333334,93.8
2016-12-31,3368.3,13248.7,0.55,0.70045658,1.25,1.66,13005.9,2.03838510774881,19089.379,4.7,185.695,2238.830078125,1150.0,963.7429809570312,12.472380952380954,123.92709677419356,98.2
2017-01-31,3423.0,13324.3,0.56,0.72565107,1.26,1.61,13063.7,3.43630577482943,19280.084,4.7,186.776,2278.8701171875,1208.5999755859375,970.4030151367188,11.6085,144.13548387096773,98.5
2017-02-28,3434.7,13391.8,0.57,0.77438158,1.14,1.54,13088.4,3.29234633875322,19280.084,4.6,187.292,2363.639892578125,1252.5999755859375,1179.969970703125,11.530526315789475,119.42750000000001,96.3
2017-03-31,3480.0,13452.7,0.82,0.91650302,1.13,1.57,13139.9,1.91438367511723,19280.084,4.4,187.971,2362.719970703125,1247.300048828125,1071.7900390625,11.89782608695652,112.85290322580646,96.9
2017-04-30,3478.8,13508.7,0.83,0.76575378,1.01,1.55,13169.2,1.55365836257901,19438.643,4.4,188.702,2384.199951171875,1266.0999755859375,1347.8900146484375,13.136315789473684,101.35633333333334,97.0
2017-05-31,3542.8,13561.4,0.83,0.7764088,0.93,1.51,13171.9,2.11321887098435,19438.643,4.4,189.588,2411.800048828125,1272.0,2286.409912109375,10.862272727272726,92.18935483870968,97.1
2017-06-30,3550.6,13583.3,1.06,0.73611135,0.93,1.46,13225.2,1.89683378620467,19438.643,4.3,190.478,2423.409912109375,1240.699951171875,2480.840087890625,10.513636363636364,95.05999999999999,95.0
2017-07-31,3571.6,13640.4,1.07,0.72501612,0.96,1.39,13263.3,2.12209368341407,19692.595,4.3,191.437,2470.300048828125,1266.5999755859375,2875.340087890625,10.2645,100.40903225806451,93.4
2017-08-31,3607.3,13699.8,1.07,0.67086016,0.79,1.48,13294.6,2.27475798765204,19692.595,4.4,192.621,2471.64990234375,1316.199951171875,4703.39013671875,11.975652173913044,73.28774193548388,96.8
2017-09-30,3589.8,13748.9,1.06,0.56521264,0.86,1.37,13417.3,2.8702567714483,19692.595,4.3,193.715,2519.360107421875,1281.5,4338.7099609375,10.437999999999999,84.18766666666667,95.1
2017-10-31,3630.0,13808.1,1.07,0.72914351,0.78,1.3,13447.5,2.42496302403465,20037.088,4.2,194.762,2575.260009765625,1267.0,6468.39990234375,10.125454545454545,70.21064516129033,100.7
2017-11-30,3648.7,13841.3,1.07,0.75219045,0.64,1.32,13540.6,2.42039295861358,20037.088,4.2,195.914,2647.580078125,1273.199951171875,10233.599609375,10.54047619047619,91.195,98.5
2017-12-31,3638.7,13899.7,1.33,0.57304923,0.51,1.28,13666.1,2.95574718908234,20037.088,4.1,197.136,2673.610107421875,1306.300048828125,14156.400390625,10.2645,90.5725806451613,95.9
2018-01-31,3686.4,13910.2,1.34,0.87378801,0.58,1.17,13703.3,4.17000041826154,20328.553,4.0,198.281,2823.81005859375,1339.0,10221.099609375,11.062380952380952,114.80000000000001,95.7
2018-02-28,3649.6,13947.2,1.35,1.08846929,0.62,1.28,13738.7,2.01327934554867,20328.553,4.1,199.209,2713.830078125,1315.5,10397.900390625,22.464736842105264,84.03857142857143,99.7
2018-03-31,3695.1,14003.5,1.67,1.02953583,0.47,1.45,13793.2,1.96190007372539,20328.553,4.0,199.945,2640.8701171875,1322.800048828125,6973.52978515625,19.023809523809526,76.3758064516129,101.4
2018-04-30,3691.7,14021.4,1.69,1.01435433,0.46,1.44,13838.4,2.93200914809488,20580.912,4.0,200.633,2648.050048828125,1316.199951171875,9240.5498046875,18.267619047619046,88.596,98.8
2018-05-31,3683.8,14077.4,1.7,1.2160918,0.43,1.54,13905.0,2.98183255084012,20580.912,3.8,201.393,2705.27001953125,1300.0999755859375,7494.169921875,14.124545454545455,87.8674193548387,98.0
2018-06-30,3683.9,14137.7,1.91,1.24572814,0.33,1.63,13930.4,2.63211788853712,20580.912,4.0,202.18,2718.3701171875,1251.300048828125,6404.0,13.678095238095239,103.78933333333333,98.2
2018-07-31,3706.6,14171.1,1.91,1.15523371,0.29,1.47,13974.8,2.11149391449985,20798.73,3.8,202.873,2816.2900390625,1223.699951171875,7780.43994140625,13.147619047619049,99.52677419354839,97.9
2018-08-31,3712.0,14219.4,1.91,1.25524162,0.24,1.53,14014.0,2.2967112867851,20798.73,3.8,203.635,2901.52001953125,1200.300048828125,7037.580078125,12.54695652173913,85.71451612903226,96.2
2018-09-30,3719.5,14253.8,2.18,1.1321469,0.24,1.43,14017.8,2.33372335554622,20798.73,3.7,204.294,2913.97998046875,1191.5,6625.56005859375,12.910526315789474,67.36266666666667,100.1
2018-10-31,3747.2,14265.4,2.2,1.30012681,0.28,1.58,14083.1,2.60626268747923,20917.867,3.8,205.062,2711.739990234375,1212.300048828125,6317.60986328125,19.35217391304348,90.25129032258064,98.6
2018-11-30,3722.6,14285.7,2.2,1.30865835,0.21,1.84,14162.9,3.72376360170077,20917.867,3.8,205.636,2760.169921875,1220.199951171875,4017.2685546875,19.38904761904762,79.472,97.5
2018-12-31,3786.1,14407.5,2.4,1.25496666,0.21,2.02,14051.6,2.91177701505443,20917.867,3.9,206.127,2506.85009765625,1278.300048828125,3742.700439453125,24.953157894736844,127.53290322580645,98.3
2019-01-31,3779.9,14471.5,2.4,1.04043434,0.18,1.79,14084.6,2.88960472562634,21111.6,4.0,206.516,2704.10009765625,1319.699951171875,3457.792724609375,19.57238095238095,146.58741935483872,91.2
2019-02-28,3788.1,14506.7,2.4,1.06818285,0.21,1.68,14117.4,2.97821762626109,21111.6,3.8,206.835,2784.489990234375,1312.800048828125,3854.785400390625,15.234736842105262,82.65035714285715,93.8
2019-03-31,3763.0,14550.5,2.43,0.51720765,0.14,1.63,14248.6,3.21024114832287,21111.6,3.8,207.053,2834.39990234375,1293.0,4105.404296875,14.485238095238095,94.65645161290323,98.4
2019-04-30,3814.7,14579.0,2.45,0.42030375,0.24,1.5,14290.0,2.82946232379089,21397.938,3.7,207.505,2945.830078125,1282.800048828125,5350.7265625,12.949047619047619,78.739,97.2
2019-05-31,3815.6,14678.3,2.4,0.5404288,0.19,1.71,14353.3,2.55853514567628,21397.938,3.6,208.113,2752.06005859375,1305.800048828125,8574.501953125,16.721818181818183,94.45225806451613,100.0
2019-06-30,3859.6,14798.6,2.4,0.42130162,0.25,1.57,14408.7,2.96310499495169,21397.938,3.6,208.567,2941.760009765625,1409.699951171875,10817.1552734375,15.836000000000002,137.37066666666666,98.2
2019-07-31,3891.1,14881.8,2.4,0.44057188,0.13,1.47,14496.0,3.20088881178511,21717.171,3.7,209.188,2980.3798828125,1426.0999755859375,10085.6279296875,13.305909090909092,94.79645161290323,98.4
2019-08-31,3876.9,14964.1,2.13,0.42005179,0.0,1.62,14558.2,2.62575663098745,21717.171,3.6,210.01,2926.4599609375,1519.0999755859375,9630.6640625,18.97909090909091,155.2332258064516,89.8
2019-09-30,3925.4,15062.4,1.9,0.23500552,0.05,1.56,14590.6,2.50440284645774,21717.171,3.5,210.817,2976.739990234375,1465.699951171875,8293.8681640625,15.559000000000001,118.307,93.2
2019-10-31,3956.7,15197.3,1.58,0.36832453,0.17,1.5,14617.4,2.67072730886815,21933.217,3.6,211.72,3037.56005859375,1511.4000244140625,9199.5849609375,15.466521739130435,98.00290322580646,95.5
2019-11-30,3971.3,15305.1,1.56,0.43361185,0.17,1.44,14711.0,3.27785810135186,21933.217,3.6,212.76,3140.97998046875,1465.5999755859375,7569.6298828125,12.5235,81.042,96.8
2019-12-31,4029.6,15373.7,1.55,0.51426493,0.34,1.3,14774.8,2.52541708194376,21933.217,3.6,213.922,3230.780029296875,1519.5,7193.59912109375,13.756666666666666,121.3074193548387,99.3
2020-01-31,4016.2,15443.2,1.59,0.50509631,0.18,1.39,14868.3,3.61068769265118,21751.238,3.6,215.004,3225.52001953125,1582.9000244140625,9350.529296875,13.94095238095238,110.07451612903226,99.8
2020-02-29,4031.5,15497.1,1.58,0.31598579,0.27,1.64,14828.1,2.88679127209464,21751.238,3.5,215.852,2954.219970703125,1564.0999755859375,8599.5087890625,19.628947368421052,113.26,101.0
2020-03-31,4298.5,16025.9,0.08,-0.12783745,0.47,3.96,13812.8,2.96074316871415,21751.238,4.4,216.404,2584.590087890625,1583.4000244140625,6438.64453125,57.73681818181819,380.3896774193548,89.1
2020-04-30,4838.1,17039.1,0.05,-0.11159442,0.44,2.82,12249.2,2.18086652905403,19958.291,14.8,216.813,2912.429931640625,1684.199951171875,8658.5537109375,41.453809523809525,555.3246666666666,71.8
2020-05-31,16265.0,17886.4,0.05,-0.02785652,0.49,2.44,13281.5,2.89879142211011,19958.291,13.2,216.942,3044.31005859375,1736.9000244140625,9461.05859375,30.897000000000002,484.18225806451613,72.3
2020-06-30,16587.4,18173.5,0.08,-0.15369936,0.5,2.07,14049.2,1.83456486942399,19958.291,11.0,217.488,3100.2900390625,1793.0,9137.9931640625,31.119545454545456,313.916,78.1
2020-07-31,16794.1,18330.1,0.1,-0.3453445,0.44,1.85,14307.2,3.44313590833529,21704.437,10.2,219.205,3271.1201171875,1962.800048828125,11323.466796875,26.840454545454545,359.45258064516133,72.5
2020-08-31,16911.7,18396.3,0.09,-0.407134,0.58,1.76,14462.2,2.6071155139936,21704.437,8.4,222.261,3500.31005859375,1967.5999755859373,11680.8203125,22.88952380952381,298.5867741935484,74.1
2020-09-30,17191.6,18628.8,0.09,-0.34333693,0.56,1.84,14668.1,1.14434137828776,21704.437,7.8,225.712,3363.0,1887.5,10784.4912109375,27.64761904761905,247.73666666666668,80.4
2020-10-31,17392.8,18783.4,0.09,-0.29173845,0.74,1.71,14725.8,1.82057568973273,22087.16,6.9,229.656,3269.9599609375,1877.4000244140625,13780.9951171875,29.438636363636363,271.4293548387097,81.8
2020-11-30,17651.7,19012.1,0.09,-0.21395564,0.68,1.43,14701.6,1.45986298697687,22087.16,6.7,233.219,3621.6298828125,1775.699951171875,19625.8359375,24.9955,264.6863333333333,76.9
2020-12-31,17860.8,19165.9,0.09,-0.23232146,0.8,1.3,14822.0,1.44368888695681,22087.16,6.7,236.543,3756.070068359375,1893.0999755859373,29001.720703125,22.37409090909091,238.67387096774195,80.7
2021-01-31,18121.4,19392.5,0.07,-0.23501721,1.0,1.28,15073.0,1.27671669339315,22680.693,6.4,239.642,3714.239990234375,1847.300048828125,33114.359375,24.91,216.06225806451613,79.0
2021-02-28,18380.8,19628.2,0.07,-0.2308238,1.3,1.19,14983.5,2.44314482142176,22680.693,6.2,242.358,3811.14990234375,1728.0999755859375,45137.76953125,23.140526315789476,154.39642857142857,76.8
2021-03-31,18636.9,19852.2,0.06,0.01250687,1.58,1.19,15709.7,2.17136467319941,22680.693,6.1,245.458,3972.889892578125,1713.800048828125,58918.83203125,21.84304347826087,176.70193548387098,84.9
2021-04-30,18997.0,20189.0,0.05,0.11804694,1.49,1.17,15917.5,2.85894555783786,23425.91,6.1,249.044,4181.169921875,1767.300048828125,57750.17578125,17.416190476190476,122.48066666666666,88.3
2021-05-31,19284.4,20457.0,0.05,0.03694758,1.44,1.13,15973.5,3.34554727872438,23425.91,5.8,253.29,4204.10986328125,1902.5,37332.85546875,19.7605,129.4448387096774,82.9
2021-06-30,19345.1,20499.2,0.08,-0.00566485,1.2,1.07,16191.7,3.23576699188166,23425.91,5.9,258.093,4297.5,1770.800048828125,35040.8359375,16.956818181818182,113.146,85.5
2021-07-31,19514.8,20654.4,0.07,0.03504108,1.05,1.13,16239.7,3.03802500229133,23982.379,5.4,262.464,4395.259765625,1812.5999755859373,41626.1953125,17.603333333333335,130.01032258064518,81.2
2021-08-31,19712.8,20837.0,0.06,-0.26101879,1.1,1.14,16412.9,4.04425227835949,23982.379,5.1,266.583,4522.68017578125,1815.0,47166.6875,17.472727272727273,124.14419354838711,70.3
2021-09-30,19893.3,21004.6,0.06,-0.19473087,1.24,1.1,16489.6,5.30115216649112,23982.379,4.7,270.16,4307.5400390625,1755.300048828125,43790.89453125,19.824761904761903,120.22966666666666,72.8
2021-10-31,20072.3,21168.0,0.07,0.08790114,1.07,1.11,16704.2,7.14775558019405,24813.6,4.5,273.615,4605.3798828125,1783.0,61318.95703125,17.871428571428574,109.64838709677419,71.7
2021-11-30,20256.5,21337.9,0.07,0.16399788,0.91,1.26,16849.8,5.33243396920435,24813.6,4.1,277.315,4567.0,1773.5999755859375,57005.42578125,18.50047619047619,135.15266666666668,67.4
2021-12-31,20422.0,21494.0,0.07,0.09168917,0.79,1.21,16891.0,4.858735400767,24813.6,3.9,281.568,4766.18017578125,1827.5,46306.4453125,21.354545454545455,137.1274193548387,70.6
2022-01-31,20547.5,21614.0,0.08,0.3194951,0.61,1.34,16993.8,6.34917228983767,25250.347,4.0,286.137,4515.5498046875,1795.0,38483.125,23.181,145.67000000000002,67.2
2022-02-28,20668.7,21712.7,0.08,0.44159289,0.39,1.6,17106.0,6.39609435170827,25250.347,3.9,291.11,4373.93994140625,1899.4000244140625,43193.234375,25.748421052631578,127.98964285714285,62.8
2022-03-31,20712.9,21749.8,0.33,0.34708992,0.04,1.49,17347.2,6.14876568910643,25250.347,3.7,296.345,4530.41015625,1949.199951171875,45538.67578125,26.968695652173913,186.61451612903227,59.4
2022-04-30,20757.6,21780.3,0.33,0.94940027,0.19,1.71,17490.0,6.86330653516869,25861.292,3.7,300.378,4131.93017578125,1909.300048828125,37714.875,24.3735,136.31366666666665,65.2
2022-05-31,20702.1,21723.2,0.83,1.20389776,0.32,1.73,17574.5,7.50635047980317,25861.292,3.6,303.352,4132.14990234375,1842.699951171875,31792.310546875,29.313636363636363,133.7783870967742,58.4
2022-06-30,20627.1,21676.8,1.58,1.02509351,0.06,2.04,17755.2,7.83791188794858,25861.292,3.6,304.146,3785.3798828125,1804.0999755859373,19784.7265625,28.23318181818182,133.46733333333333,50.0
2022-07-31,20566.4,21676.5,2.32,1.06217493,-0.22,1.92,17770.1,6.96892554236195,26336.304,3.5,303.207,4130.2900390625,1762.9000244140625,23336.896484375,24.995238095238093,146.90064516129033,51.5
2022-08-31,20472.0,21644.0,2.33,0.8556253,-0.3,1.85,17916.5,7.75472082340705,26336.304,3.6,300.977,3955.0,1712.800048828125,20049.763671875,22.169565217391302,119.1632258064516,58.2
2022-09-30,20320.6,21560.6,3.08,1.20424868,-0.39,2.06,17992.8,6.96107984783969,26336.304,3.5,299.027,3585.6201171875,1662.4000244140625,19431.7890625,27.34181818181818,109.556,58.6
2022-10-31,20133.2,21465.8,3.08,1.79733203,-0.41,2.03,18109.6,7.60896519034691,26770.514,3.6,298.773,3871.97998046875,1635.9000244140625,20495.7734375,30.005714285714287,139.82999999999998,59.9
2022-11-30,19973.3,21408.6,3.83,1.93071305,-0.7,1.77,18108.0,5.95000102717287,26770.514,3.6,298.465,4080.110107421875,1746.0,17168.56640625,23.29909090909091,147.65466666666669,56.7
2022-12-31,19718.2,21266.4,4.33,1.57612515,-0.53,1.72,18116.5,5.44844894487109,26770.514,3.5,297.837,3839.5,1819.699951171875,16547.49609375,21.784285714285716,132.44451612903225,59.8
2023-01-31,19571.3,21249.4,4.33,1.78309897,-0.69,1.56,18449.1,6.77647053690782,27216.445,3.5,297.428,4076.60009765625,1929.5,23139.283203125,20.16904761904762,186.76645161290324,64.9
2023-02-28,19426.6,21226.9,4.57,1.42020217,-0.89,1.6,18491.6,7.2531156052984,27216.445,3.6,297.701,3970.14990234375,1828.9000244140625,23147.353515625,20.1205,120.97035714285714,66.9
2023-03-31,18966.3,20917.4,4.83,2.05963636,-0.58,1.77,18520.4,4.69045567178128,27216.445,3.5,298.78,4109.31005859375,1969.0,28478.484375,21.644347826086957,140.28096774193548,62.0
2023-04-30,18656.4,20770.4,4.83,1.44391386,-0.6,1.74,18641.8,4.9440471269832,27530.055,3.4,300.202,4169.47998046875,1990.0999755859373,29268.806640625,17.817894736842106,138.75733333333335,63.7
2023-05-31,18589.4,20840.8,5.08,1.53690406,-0.76,1.76,18664.6,4.85157571335715,27530.055,3.6,302.17,4179.830078125,1963.9000244140625,27219.658203125,17.63608695652174,190.45548387096773,59.0
2023-06-30,18476.6,20823.8,5.08,1.06063107,-1.06,1.61,18773.0,4.69911052483047,27530.055,3.6,304.163,4450.3798828125,1921.0999755859373,30477.251953125,14.003181818181817,122.38633333333334,64.2
2023-07-31,18385.6,20815.5,5.33,1.4260473,-0.91,1.47,18884.2,3.20296763411141,28074.846,3.5,306.34,4588.9599609375,1970.5,29230.111328125,13.932380952380951,101.65290322580644,71.5
2023-08-31,18271.3,20792.5,5.33,1.60209539,-0.76,1.51,18953.3,4.20796905702734,28074.846,3.7,309.006,4507.66015625,1938.199951171875,25931.47265625,15.85391304347826,97.61935483870967,69.4
2023-09-30,18174.2,20771.8,5.33,1.69970754,-0.44,1.53,19048.1,5.59902403540058,28074.846,3.7,311.208,4288.0498046875,1848.0999755859373,26967.916015625,15.173333333333332,89.22933333333334,67.8
2023-10-31,18070.2,20737.1,5.33,2.08246076,-0.19,1.62,19109.4,4.57796348531718,28424.722,3.9,313.277,4193.7998046875,1985.199951171875,34667.78125,18.887727272727272,140.10999999999999,63.8
2023-11-30,18001.8,20743.4,5.33,2.09432864,-0.36,1.39,19178.9,5.80184493974758,28424.722,3.7,314.118,4567.7998046875,2038.0999755859373,37712.74609375,14.01909090909091,114.53366666666668,61.3
2023-12-31,17956.4,20745.1,5.33,1.68089907,-0.35,1.29,19283.5,4.21790569007532,28424.722,3.8,315.033,4769.830078125,2062.39990234375,42265.1875,12.7185,128.02548387096775,69.7
2024-01-31,17983.4,20815.3,5.33,1.68087145,-0.28,1.26,19303.3,5.49004101302422,28708.161,3.7,315.983,4845.64990234375,2048.39990234375,42582.60546875,13.388636363636364,143.06548387096774,79.0
2024-02-29,18023.8,20903.0,5.33,1.6168231,-0.39,1.24,19446.5,4.51990901816579,28708.161,3.9,317.204,5096.27001953125,2045.699951171875,61198.3828125,13.980476190476189,133.40724137931034,76.9
2024-03-31,18021.1,20943.8,5.33,1.92596928,-0.39,1.17,19581.8,4.78025066887748,28708.161,3.9,318.265,5254.35009765625,2217.39990234375,71333.6484375,13.7875,112.76225806451613,79.4
2024-04-30,18008.5,20969.9,5.33,1.93819396,-0.35,1.14,19665.7,4.14284673103389,29147.044,3.9,319.286,5035.68994140625,2291.39990234375,60636.85546875,16.137727272727275,119.90033333333332,77.2
2024-05-31,18034.6,21032.0,5.33,2.10339878,-0.38,1.1,19758.0,2.32892391837367,29147.044,3.9,320.104,5277.509765625,2322.89990234375,67491.4140625,13.058695652173913,91.20129032258063,69.1
2024-06-30,18065.3,21094.6,5.33,1.99956671,-0.35,1.19,19844.5,2.56147212298596,29147.044,4.1,320.706,5460.47998046875,2327.699951171875,62678.29296875,12.667,86.59966666666666,68.2
2024-07-31,18059.8,21122.6,5.33,2.04839593,-0.2,1.2,19949.5,2.52568147771819,29511.664,4.2,321.366,5522.2998046875,2426.5,64619.25,14.373913043478263,144.071935483871,66.4
2024-08-31,18111.3,21204.7,5.33,1.66418984,0.0,1.19,20001.3,3.70174225639255,29511.664,4.2,322.239,5648.39990234375,2493.800048828125,58969.8984375,19.312272727272727,104.58612903225807,67.9
2024-09-30,18173.4,21289.0,4.83,1.58158069,0.15,1.16,20147.6,4.14646127656875,29511.664,4.1,323.38,5762.47998046875,2636.10009765625,63329.5,17.663333333333334,100.904,70.1
2024-10-31,18228.3,21337.0,4.83,1.48014834,0.12,1.08,20226.0,3.96889331628094,29825.182,4.1,324.541,5705.4501953125,2738.300048828125,70215.1875,19.960869565217394,117.2658064516129,70.5
2024-11-30,18343.3,21440.0,4.58,1.95841688,0.05,1.03,20313.6,3.48884626422816,29825.182,4.2,325.945,6032.3798828125,2657.0,96449.0546875,16.015238095238097,232.69233333333335,71.8
2024-12-31,18375.0,21458.4,4.33,1.82436879,0.33,1.02,20514.3,3.17072441510629,29825.182,4.1,327.791,5881.6298828125,2629.199951171875,93429.203125,15.866190476190477,184.91806451612902,74.0
2025-01-31,18449.3,21519.7,4.33,2.05553249,0.36,1.02,20462.2,3.93019343751728,30042.113,4.0,329.169,6040.52978515625,2812.5,102405.0234375,16.763636363636365,252.38225806451615,71.7
2025-02-28,18503.8,21587.5,4.33,2.02768935,0.25,1.09,20519.8,3.49750251733865,30042.113,4.2,329.787,5954.5,2836.800048828125,84373.0078125,16.968,328.42607142857145,64.7
2025-03-31,18525.3,21657.8,4.33,1.85917469,0.34,1.2,20683.0,3.87654937304922,30042.113,4.2,329.124,5611.85009765625,3122.800048828125,82548.9140625,21.841428571428573,503.66709677419357,57.0
2025-04-30,18639.6,21792.0,4.33,1.67048701,0.57,1.37,20746.4,3.85111943257219,30485.729,4.2,328.278,5569.06005859375,3305.0,94207.3125,31.966190476190473,560.876,52.2
2025-05-31,18671.2,21849.5,4.33,1.66614308,0.52,1.16,20755.0,3.07028406629439,30485.729,4.3,327.593,5911.68994140625,3288.89990234375,104638.09375,20.46227272727273,499.3090322580645,52.2
2025-06-30,18770.2,21967.8,4.33,1.86923994,0.52,1.08,20868.4,3.77294805380819,30485.729,4.1,326.878,6204.9501953125,3294.39990234375,107135.3359375,18.403333333333336,399.6626666666667,60.7
2025-07-31,18821.2,22046.6,4.33,1.65988735,0.43,0.99,21007.3,3.36794476710085,31098.027,4.3,326.619,6339.39013671875,3293.199951171875,115758.203125,16.381304347826084,371.98516129032254,61.7
2025-08-31,18845.4,22105.5,4.33,1.56632926,0.64,1.02,21123.8,3.47573043348703,31098.027,4.3,326.973,6460.259765625,3473.699951171875,108236.7109375,15.75,306.94483870967747,58.2
2025-09-30,18907.8,22188.6,4.09,1.56519918,0.56,0.97,21202.4,2.43573809115507,31098.027,4.4,327.659,6688.4599609375,3840.800048828125,114056.0859375,15.789090909090909,341.923,55.1
2025-10-31,18989.2,22260.1,3.86,1.55378693,0.51,1.02,21303.0,1.40430207395887,31490.07,4.4,329.121,6840.2001953125,3982.199951171875,109556.1640625,18.086521739130436,354.1867741935484,53.6
